Riverside Weekender - Master Patch,,,,,,,,,,,,,,,,,,,,,,,PINK,12,USC
,,,,,,,,,,,,,,,,,,,,,,,BLUE,12,FLOAT
,,,,,,,,,,,,,,,,,,,,,,,GREEN ,12,MSL
Day 1,,,,,,,,,,,,,,,,,,,,,,,ORANGE,12,MSR
,,,,,,,,,,,,,,,,,,,,,,,YELLOW,12,DSC
,,,THE HARBOUR LIGHTS,,,MARGOT DUNN,,,FALSE ECONOMY,,,KESTREL,,,NINE BELOW,,,ACT 6,,,ACT 7,,,,
,,,Start - End,,,Start - End,,,Start - End,,,Start - End,,,Start - End,,,Start - End,,,Start - End,,,,
,,,SPEC:,,,SPEC:,,,SPEC:,,,SPEC:,,,SPEC:,,,SPEC:,,,SPEC:,,,,
CH,INPUT,CH,SUB-BOX,MIC / DI:,CH,SUB-BOX,MIC / DI:,CH,SUB-BOX,MIC / DI:,CH,SUB-BOX,MIC / DI:,CH,SUB-BOX,MIC / DI:,CH,SUB-BOX,MIC / DI:,CH,SUB-BOX,MIC / DI:,INPUT,,
1,KICK IN,1, BSNAKE 1,/,1, BSNAKE 1,BEYER,1, BSNAKE 1,BEYER,1, BSNAKE 1,/,1, BSNAKE 1,/,1,,,1,,,KICK IN,,
2,SNARE TOP,2,BSNAKE 2,/,2,BSNAKE 2,SM 57,2,BSNAKE 2,SM 57,2,BSNAKE 2,/,2,BSNAKE 2,/,2,,,2,,,SNARE TOP,,
3,RACK 1,3,BSNAKE 3,/,3,BSNAKE 3,KIT MIC,3,BSNAKE 3,KIT MIC,3,BSNAKE 3,/,3,BSNAKE 3,/,3,,,3,,,RACK 1,,
4,RACK 2,4,BSNAKE 4,/,4,BSNAKE 4,KIT MIC,4,BSNAKE 4,KIT MIC,4,BSNAKE 4,/,4,BSNAKE 4,/,4,,,4,,,RACK 2,,
5,FLOOR,5,BSNAKE 5,/,5,BSNAKE 5,KIT MIC,5,BSNAKE 5,KIT MIC,5,BSNAKE 5,/,5,BSNAKE 5,/,5,,,5,,,FLOOR,,
6,OH L,6,BSNAKE 6,/,6,BSNAKE 6,UAD,6,BSNAKE 6,UAD,6,BSNAKE 6,/,6,BSNAKE 6,/,6,,,6,,,OH L,,
7,OH R,7,BSNAKE 7,/,7,BSNAKE 7,UAD,7,BSNAKE 7,UAD,7,BSNAKE 7,/,7,BSNAKE 7,/,7,,,7,,,OH R,,
8,BASS,8,BSNAKE 8,DI,8,BSNAKE 8,DI,8,BSNAKE 8,DI,8,BSNAKE 8,DI,8,BSNAKE 8,/,8,,,8,,,BASS,,
9,INST 1,9,FSNAKE 1,DI/ sE V7,9,FSNAKE 1,v7,9,FSNAKE 1,DI,9,FSNAKE 1,/,9,FSNAKE 1,/,9,,,9,,,INST 1,,
10,INST 2,10,FSNAKE 2,DI/ sE v7,10,FSNAKE 2,v7,10,FSNAKE 2,DI,10,FSNAKE 2,sE v7,10,FSNAKE 2,/,10,,,10,,,INST 2,,
11,EL GTR L,11,FSNAKE 3,XLR,11,FSNAKE 3,SM 57,11,FSNAKE 3,/,11,FSNAKE 3,FENDER DI,11,FSNAKE 3,FENDER DI,11,,,11,,,EL GTR L,,
12,EL GTR R,12,FSNAKE 4,XLR,12,FSNAKE 4,FENDER DI,12,FSNAKE 4,XLR,12,FSNAKE 4,SM57,12,FSNAKE 4,/,12,,,12,,,EL GTR R,,
13,KEYS L,13,FSNAKE 5,/,13,FSNAKE 5,DI,13,FSNAKE 5,/,13,FSNAKE 5,/,13,FSNAKE 5,DI,13,,,13,,,KEYS L,,
14,KEYS R,14,FSNAKE 6,/,14,FSNAKE 6,DI,14,FSNAKE 6,/,14,FSNAKE 6,/,14,FSNAKE 6,DI,14,,,14,,,KEYS R,,
15,FRONT VOX 1,15,FSNAKE 7,sE v7,15,FSNAKE 7,v7,15,FSNAKE 7,v7,15,FSNAKE 7,sE v7,15,FSNAKE 7,v7,15,,,15,,,FRONT VOX 1,,
16,FRONT VOX 2,16,FSNAKE 8,sE v7,16,FSNAKE 8,v7,16,FSNAKE 8,v7,16,FSNAKE 8,sE v7,16,FSNAKE 8,v7,16,,,16,,,FRONT VOX 2,,
17,KICK IN 2,17,SB 1,sE KICK,17,SB 1,/,17,SB 1,/,17,SB 1,sE KICK,17,SB 1,sE KICK,17,,,17,,,KICK IN 2,,
18,SNARE 2,18,SB 2,sE SNARE,18,SB 2,/,18,SB 2,/,18,SB 2,sE SNARE,18,SB 2,sE SNARE,18,,,18,,,SNARE 2,,
19,RACK 1 2,19,SB 3,sE TOM,19,SB 3,/,19,SB 3,/,19,SB 3,sE TOM,19,SB 3,sE TOM,19,,,19,,,RACK 1 2,,
20,RACK 2 2,20,SB 4,sE TOM,20,SB 4,/,20,SB 4,/,20,SB 4,sE TOM,20,SB 4,sE TOM,20,,,20,,,RACK 2 2,,
21,FLOOR 2,21,SB5,sE TOM,21,SB5,/,21,SB5,/,21,SB5,sE TOM,21,SB5,sE TOM,21,,,21,,,FLOOR 2,,
22,OH L 2,22,SB 6,sE OH,22,SB 6,/,22,SB 6,/,22,SB 6,sE OH,22,SB 6,sE OH,22,,,22,,,OH L 2,,
23,OH R 2,23,SB 7,sE OH,23,SB 7,/,23,SB 7,/,23,SB 7,sE OH,23,SB 7,sE OH,23,,,23,,,OH R 2,,
24,BV DRUMS,24,SB 8,/,24,SB 8,/,24,SB 8,/,24,SB 8,/,24,SB 8,/,24,,,24,,,BV DRUMS,,
25,BACK VOX 1,25,SB 9,/,25,SB 9,v7,25,SB 9,/,25,SB 9,/,25,SB 9,/,25,,,25,,,BACK VOX 1,,
26,BACK VOX 2,26,SB 10,/,26,SB 10,v7,26,SB 10,/,26,SB 10,/,26,SB 10,/,26,,,26,,,BACK VOX 2,,
27,BACK VOX 3,27,SB 11,/,27,SB 11,v7,27,SB 11,/,27,SB 11,/,27,SB 11,/,27,,,27,,,BACK VOX 3,,
28,BACK VOX 4,28,SB 12,/,28,SB 12,,28,SB 12,/,28,SB 12,/,28,SB 12,/,28,,,28,,,BACK VOX 4,,
29,,29,SB 13,,29,SB 13,,29,SB 13,,29,SB 13,,29,SB 13,,29,,,29,,,,,
30,,30,SB 14,,30,SB 14,,30,SB 14,,30,SB 14,,30,SB 14,,30,,,30,,,,,
31,,31,SB 15,,31,SB 15,,31,SB 15,,31,SB 15,,31,SB 15,,31,,,31,,,,,
32,,32,SB 16,,32,SB 16,,32,SB 16,,32,SB 16,,32,SB 16,,32,,,32,,,,,
33,,33,,,33,,,33,,,33,,,33,,,33,,,33,,,,,
34,,34,,,34,,,34,,,34,,,34,,,34,,,34,,,,,
35,,35,,,35,,,35,,,35,,,35,,,35,,,35,,,,,
36,,36,,,36,,,36,,,36,,,36,,,36,,,36,,,,,
37,,37,,,37,,,37,,,37,,,37,,,37,,,37,,,,,
38,,38,,,38,,,38,,,38,,,38,,,38,,,38,,,,,
39,,39,,,39,,,39,,,39,,,39,,,39,,,39,,,,,
40,,40,,,40,,,40,,,40,,,40,,,40,,,40,,,,,
41,,41,,,41,,,41,,,41,,,41,,,41,,,41,,,,,
42,,42,,,42,,,42,,,42,,,42,,,42,,,42,,,,,
43,,43,,,43,,,43,,,43,,,43,,,43,,,43,,,,,
44,,44,,,44,,,44,,,44,,,44,,,44,,,44,,,,,
45,,45,,,45,,,45,,,45,,,45,,,45,,,45,,,,,
46,,46,,,46,,,46,,,46,,,46,,,46,,,46,,,,,
47,,47,,,47,,,47,,,47,,,47,,,47,,,47,,,,,
48,,48,,,48,,,48,,,48,,,48,,,48,,,48,,,,,
49,,49,,,49,,,49,,,49,,,49,,,49,,,49,,,,,
50,,50,,,50,,,50,,,50,,,50,,,50,,,50,,,,,
51,,51,,,51,,,51,,,51,,,51,,,51,,,51,,,,,
52,,52,,,52,,,52,,,52,,,52,,,52,,,52,,,,,
53,,53,,,53,,,53,,,53,,,53,,,53,,,53,,,,,
54,,54,,,54,,,54,,,54,,,54,,,54,,,54,,,,,
55,,55,,,55,,,55,,,55,,,55,,,55,,,55,,,,,
56,,56,,,56,,,56,,,56,,,56,,,56,,,56,,,,,
,,, Additional Info:,,, Additional Info:,,, Additional Info:,,, Additional Info:,,, Additional Info:,,, Additional Info:,,, Additional Info:,,,,
,,,,,,,,,,,,,,,,,,,,,,,,,
